INSERT INTO organization (id,bank_account,bank_name,business_license_image_url,contact,contact_address,contact_phone,name,serial_num,shop_quota,tax_number) VALUES (1,'6225882128964410000','招商银行','http://www.163.com','dbcooper','上海市徐汇区漕河泾','18664842521','上海达丘拉网络科技有限公司','12312312',12,'123123');
INSERT INTO organization (id,bank_account,bank_name,business_license_image_url,contact,contact_address,contact_phone,name,serial_num,shop_quota,tax_number) VALUES (2,'6225882128964410000','招商银行','http://www.163.com','dbcooper','龙洞','18664842521','组织2','12312312',12,'123123');
INSERT INTO organization (id,bank_account,bank_name,business_license_image_url,contact,contact_address,contact_phone,name,serial_num,shop_quota,tax_number) VALUES (3,'6225882128964410000','招商银行','http://www.163.com','dbcooper','龙洞','18664842521','组织3','12312312',12,'123123');
INSERT INTO organization (id,bank_account,bank_name,business_license_image_url,contact,contact_address,contact_phone,name,serial_num,shop_quota,tax_number) VALUES (4,'6225882128964410000','招商银行','http://www.163.com','dbcooper','龙洞','18664842521','组织4','12312312',12,'123123');
INSERT INTO organization (id,bank_account,bank_name,business_license_image_url,contact,contact_address,contact_phone,name,serial_num,shop_quota,tax_number) VALUES (5,'6225882128964410000','招商银行','http://www.163.com','dbcooper','龙洞','18664842521','组织5','12312312',12,'123123');
INSERT INTO organization (id,bank_account,bank_name,business_license_image_url,contact,contact_address,contact_phone,name,serial_num,shop_quota,tax_number) VALUES (6,'6225882128964410000','招商银行','http://www.163.com','dbcooper','龙洞','18664842521','组织6','12312312',12,'123123');
INSERT INTO organization (id,bank_account,bank_name,business_license_image_url,contact,contact_address,contact_phone,name,serial_num,shop_quota,tax_number) VALUES (7,'6225882128964410000','招商银行','http://www.163.com','dbcooper','龙洞','18664842521','组织7','12312312',12,'123123');
INSERT INTO organization (id,bank_account,bank_name,business_license_image_url,contact,contact_address,contact_phone,name,serial_num,shop_quota,tax_number) VALUES (8,'6225882128964410000','招商银行','http://www.163.com','dbcooper','龙洞','18664842521','组织8','12312312',12,'123123');
INSERT INTO organization (id,bank_account,bank_name,business_license_image_url,contact,contact_address,contact_phone,name,serial_num,shop_quota,tax_number) VALUES (9,'6225882128964410000','招商银行','http://www.163.com','dbcooper','龙洞','18664842521','组织9','12312312',12,'123123');
INSERT INTO organization (id,bank_account,bank_name,business_license_image_url,contact,contact_address,contact_phone,name,serial_num,shop_quota,tax_number) VALUES (10,'6225882128964410000','招商银行','http://www.163.com','dbcooper','龙洞','18664842521','组织10','12312312',12,'123123');

INSERT INTO erprole (id,role,authority_mask, ver) VALUES (1, '系统管理员', 1, 1);
INSERT INTO erprole (id,role,authority_mask, ver) VALUES (2, '达丘拉业务员', 2, 1);

INSERT INTO erpuser (id,email,enable,password,phone,username, ver, role_id) VALUES (1, 'dev@carmore.cc', 1, '1234Qwer', '1234567890', 'dev', 1, 1);
INSERT INTO erpuser (id,email,enable,password,phone,username, ver, role_id) VALUES (2, 'test@carmore.cc', 1, '1234Qwer', '1234567890', 'test', 1, 1);
INSERT INTO erpuser (id,email,enable,password,phone,username, ver, role_id) VALUES (3, 'agent@carmore.cc', 1, '1234Qwer', '1234567890', 'agent', 1,1);

INSERT INTO customer (id,token,mobile,uid,ver) values (1,'f8906cf6-8ab3-4af6-916d-082c97d264c2','18665652141','f8906cf6-8ab3-4af6-916d-082c97d264c2',1);
INSERT INTO customer (id,token,mobile,uid,ver) values (2,'fb207f19-a28d-43d8-9939-44c122b6e239','18664823421','fb207f19-a28d-43d8-9939-44c122b6e239',1);
INSERT INTO customer (id,token,mobile,uid,ver) values (3,'fb207f19-a28d-43d8-9939-44c122b6e240','18664823420','fb207f19-a28d-43d8-9939-44c122b6e240',1);

INSERT INTO customer_profile (id,profile_type,nick_name,customer_id,ver) values (1,'app','18665652141',1,1);
INSERT INTO customer_profile (id,profile_type,nick_name,customer_id,ver) values (2,'app','18664823421',2,1);

INSERT INTO shop (id, organization_id, name,address,opening_hours,phone,description,latitude,longitude,promotion_tag, ver, rating, rating_count, uid, shop_type) VALUES (1,1,'龙里店','上海市闵行区龙里路','9:00-22:00','021-5833333',NULL,31.138849,121.414835,'换胎;保养;洗车;镀金;打蜡;抛光',1,3.5,100,'f8906cf6-8ab3-4af6-916d-082c97d141c2',0);
INSERT INTO shop (id, organization_id, name,address,opening_hours,phone,description,latitude,longitude,promotion_tag, ver, rating, rating_count, uid, shop_type) VALUES (2,1,'大渡河店','普陀区大渡河路1501号','9:00-22:00','021-5831213',NULL,31.251397,121.40405,'换胎;保养;洗车;镀金;打蜡;抛光',1,3.5,100,'f8906cf6-8ab2-4cf1-916d-082c97d141c2',0);
INSERT INTO shop (id, organization_id, name,address,opening_hours,phone,description,latitude,longitude,promotion_tag, ver, rating, rating_count, uid, shop_type) VALUES (3,1,'龙茗','上海市闵行区龙茗路','9:00-22:00','021-5833333',NULL,31.138849,121.414835,'换胎;保养;洗车;镀金;打蜡;抛光',1,3.5,100,'f1906cf6-8ab2-4cf6-916d-082c97d141c2',0);
INSERT INTO shop (id, organization_id, name,address,opening_hours,phone,description,latitude,longitude,promotion_tag, ver, rating, rating_count, uid, shop_type) VALUES (4,1,'总部','总部','9:00-22:00','021-5831213',NULL,31.251397,121.40405,'换胎;保养;洗车;镀金;打蜡;抛光',1,3.5,100,'f2906cf6-8ab2-4cf6-916d-082c97d141c2',0);
INSERT INTO shop (id, organization_id, name,address,opening_hours,phone,description,latitude,longitude,promotion_tag, ver, rating, rating_count, uid, shop_type) VALUES (5,1,'延安西路店','上海市延安西路','9:00-22:00','021-5833333',NULL,31.138849,121.414835,'换胎;保养;洗车;镀金;打蜡;抛光',1,3.5,100,'f3906cf6-8ab2-4cf6-916d-082c97d141c2',0);
INSERT INTO shop (id, organization_id, name,address,opening_hours,phone,description,latitude,longitude,promotion_tag, ver, rating, rating_count, uid, shop_type) VALUES (6,1,'古美店','上海市古美路','9:00-22:00','021-5831213',NULL,31.251397,121.40405,'换胎;保养;洗车;镀金;打蜡;抛光',1,3.5,100,'f4906cf6-8ab2-4cf6-916d-082c97d141c2',0);
INSERT INTO shop (id, organization_id, name,address,opening_hours,phone,description,latitude,longitude,promotion_tag, ver, rating, rating_count, uid, shop_type) VALUES (7,1,'博通凤凰店','上海市崇明长兴镇','9:00-22:00','021-5833333',NULL,31.138849,121.414835,'换胎;保养;洗车;镀金;打蜡;抛光',1,3.5,100,'f5906cf6-8ab2-4cf6-916d-082c97d141c2',0);
INSERT INTO shop (id, organization_id, name,address,opening_hours,phone,description,latitude,longitude,promotion_tag, ver, rating, rating_count, uid, shop_type) VALUES (8,1,'天程汽车(朱泾店)','普陀区大渡河路1501号','9:00-22:00','021-5831213',NULL,31.251397,121.40405,'换胎;保养;洗车;镀金;打蜡;抛光',1,3.5,100,'f6906cf6-8ab2-4cf6-916d-082c97d141c2',0);
INSERT INTO shop (id, organization_id, name,address,opening_hours,phone,description,latitude,longitude,promotion_tag, ver, rating, rating_count, uid, shop_type) VALUES (9,1,'天程汽车(石化店)','上海市闵行区龙里路','9:00-22:00','021-5833333',NULL,31.138849,121.414835,'换胎;保养;洗车;镀金;打蜡;抛光',1,3.5,100,'f7906cf6-8ab2-4cf6-916d-012c97d141c2',0);
INSERT INTO shop (id, organization_id, name,address,opening_hours,phone,description,latitude,longitude,promotion_tag, ver, rating, rating_count, uid, shop_type) VALUES (10,1,'青浦艺殊佳','上海市青浦区沪青平公路','9:00-22:00','021-5831213',NULL,31.251397,121.40405,'换胎;保养;洗车;镀金;打蜡;抛光',1,3.5,100,'f9901cf6-8ab2-4cf6-916d-082c17d141c2',0);
INSERT INTO shop (id, organization_id, name,address,opening_hours,phone,description,latitude,longitude,promotion_tag, ver, rating, rating_count, uid, shop_type) VALUES (11,1,'天河城店','广州市天河区体育西路','9:00-22:00','021-5833333',NULL,23.143682,113.328572,'换胎;保养;洗车;镀金;打蜡;抛光',1,3.5,100,'f8906cf2-8ab2-4cf6-916d-081c97d141c2',0);
INSERT INTO shop (id, organization_id, name,address,opening_hours,phone,description,latitude,longitude,promotion_tag, ver, rating, rating_count, uid, shop_type) VALUES (12,1,'东峻广场店','广州市越秀区东风东路','9:00-22:00','021-5831213',NULL,23.137568,113.31348,'换胎;保养;洗车;镀金;打蜡;抛光',1,3.5,100,'f8906cf3-8ab2-4cf6-916d-082c87d141c2',0);
INSERT INTO shop (id, organization_id, name,address,opening_hours,phone,description,latitude,longitude,promotion_tag, ver, rating, rating_count, uid, shop_type) VALUES (13,1,'天河公园店','广州市天河区中山大道天河公园','9:00-22:00','021-5833333',NULL,23.134377,113.372697,'换胎;保养;洗车;镀金;打蜡;抛光',1,3.5,100,'f8906cf4-8ab2-4cf6-917d-082c97d141c2',0);
INSERT INTO shop (id, organization_id, name,address,opening_hours,phone,description,latitude,longitude,promotion_tag, ver, rating, rating_count, uid, shop_type) VALUES (14,1,'白云机场店','广州市机场路','9:00-22:00','021-5831213',NULL,23.392413,113.3096,'换胎;保养;洗车;镀金;打蜡;抛光',1,3.5,100,'f8906cf6-8ab2-4cf5-916d-081c97d141c2',0);

INSERT INTO shop (id, organization_id, name,address,opening_hours,phone,description,latitude,longitude,promotion_tag, ver, rating, rating_count, shop_type) VALUES (15,2,'店铺15','店铺15','9:00-22:00','021-5833333',NULL,23.134377,113.372697,'换胎;保养;洗车;镀金;打蜡;抛光',1,3.5,100,0);
INSERT INTO shop (id, organization_id, name,address,opening_hours,phone,description,latitude,longitude,promotion_tag, ver, rating, rating_count, shop_type) VALUES (16,2,'店铺16','店铺16','9:00-22:00','021-5833333',NULL,23.134377,113.372697,'换胎;保养;洗车;镀金;打蜡;抛光',1,3.5,100,0);
INSERT INTO shop (id, organization_id, name,address,opening_hours,phone,description,latitude,longitude,promotion_tag, ver, rating, rating_count, shop_type) VALUES (17,2,'店铺17','店铺17','9:00-22:00','021-5833333',NULL,23.134377,113.372697,'换胎;保养;洗车;镀金;打蜡;抛光',1,3.5,100,0);
INSERT INTO shop (id, organization_id, name,address,opening_hours,phone,description,latitude,longitude,promotion_tag, ver, rating, rating_count, shop_type) VALUES (18,2,'店铺18','店铺18','9:00-22:00','021-5833333',NULL,23.134377,113.372697,'换胎;保养;洗车;镀金;打蜡;抛光',1,3.5,100,0);
INSERT INTO shop (id, organization_id, name,address,opening_hours,phone,description,latitude,longitude,promotion_tag, ver, rating, rating_count, shop_type) VALUES (19,2,'店铺19','店铺19','9:00-22:00','021-5833333',NULL,23.134377,113.372697,'换胎;保养;洗车;镀金;打蜡;抛光',1,3.5,100,0);
INSERT INTO shop (id, organization_id, name,address,opening_hours,phone,description,latitude,longitude,promotion_tag, ver, rating, rating_count, shop_type) VALUES (20,2,'店铺20','店铺20','9:00-22:00','021-5833333',NULL,23.134377,113.372697,'换胎;保养;洗车;镀金;打蜡;抛光',1,3.5,100,0);
INSERT INTO shop (id, organization_id, name,address,opening_hours,phone,description,latitude,longitude,promotion_tag, ver, rating, rating_count, shop_type) VALUES (21,2,'店铺21','店铺21','9:00-22:00','021-5833333',NULL,23.134377,113.372697,'换胎;保养;洗车;镀金;打蜡;抛光',1,3.5,100,0);
INSERT INTO shop (id, organization_id, name,address,opening_hours,phone,description,latitude,longitude,promotion_tag, ver, rating, rating_count, shop_type) VALUES (22,2,'店铺22','店铺22','9:00-22:00','021-5833333',NULL,23.134377,113.372697,'换胎;保养;洗车;镀金;打蜡;抛光',1,3.5,100,0);
INSERT INTO shop (id, organization_id, name,address,opening_hours,phone,description,latitude,longitude,promotion_tag, ver, rating, rating_count, shop_type) VALUES (23,2,'店铺23','店铺23','9:00-22:00','021-5833333',NULL,23.134377,113.372697,'换胎;保养;洗车;镀金;打蜡;抛光',1,3.5,100,0);
INSERT INTO shop (id, organization_id, name,address,opening_hours,phone,description,latitude,longitude,promotion_tag, ver, rating, rating_count, shop_type) VALUES (24,2,'店铺24','店铺24','9:00-22:00','021-5833333',NULL,23.134377,113.372697,'换胎;保养;洗车;镀金;打蜡;抛光',1,3.5,100,0);
INSERT INTO shop (id, organization_id, name,address,opening_hours,phone,description,latitude,longitude,promotion_tag, ver, rating, rating_count, shop_type) VALUES (25,2,'店铺25','店铺25','9:00-22:00','021-5833333',NULL,23.134377,113.372697,'换胎;保养;洗车;镀金;打蜡;抛光',1,3.5,100,0);
INSERT INTO shop (id, organization_id, name,address,opening_hours,phone,description,latitude,longitude,promotion_tag, ver, rating, rating_count, shop_type) VALUES (26,2,'店铺26','店铺26','9:00-22:00','021-5833333',NULL,23.134377,113.372697,'换胎;保养;洗车;镀金;打蜡;抛光',1,3.5,100,0);
INSERT INTO shop (id, organization_id, name,address,opening_hours,phone,description,latitude,longitude,promotion_tag, ver, rating, rating_count, shop_type) VALUES (27,2,'店铺27','店铺27','9:00-22:00','021-5833333',NULL,23.134377,113.372697,'换胎;保养;洗车;镀金;打蜡;抛光',1,3.5,100,0);
INSERT INTO shop (id, organization_id, name,address,opening_hours,phone,description,latitude,longitude,promotion_tag, ver, rating, rating_count, shop_type) VALUES (28,2,'店铺28','店铺28','9:00-22:00','021-5833333',NULL,23.134377,113.372697,'换胎;保养;洗车;镀金;打蜡;抛光',1,3.5,100,0);
INSERT INTO shop (id, organization_id, name,address,opening_hours,phone,description,latitude,longitude,promotion_tag, ver, rating, rating_count, shop_type) VALUES (29,2,'店铺29','店铺29','9:00-22:00','021-5833333',NULL,23.134377,113.372697,'换胎;保养;洗车;镀金;打蜡;抛光',1,3.5,100,0);
INSERT INTO shop (id, organization_id, name,address,opening_hours,phone,description,latitude,longitude,promotion_tag, ver, rating, rating_count, shop_type) VALUES (30,2,'店铺30','店铺30','9:00-22:00','021-5833333',NULL,23.134377,113.372697,'换胎;保养;洗车;镀金;打蜡;抛光',1,3.5,100,0);

INSERT INTO vehicle_info VALUES (1,NULL,'2015-10-14 09:25:03','\0','d1ae7f4a-522f-4afc-bdc3-f0f1bdf9e7f1',NULL,'2015-10-14 09:25:03',0,NULL,NULL,0,16000,NULL,NULL,'2014-05-10 00:00:00',NULL,NULL,'\0',NULL,NULL,1,1);
INSERT INTO vehicle_info VALUES (2,NULL,'2015-10-14 09:25:03','\0','5aa2eb08-9d3b-4c16-b95d-a7976ee9fe5e',NULL,'2015-10-14 09:25:03',0,NULL,NULL,0,20000,NULL,NULL,'2013-05-10 00:00:00',NULL,NULL,'\0',NULL,NULL,1,1);
